id,type,section,date,headline,url,category,lead_paragraph
black-lives-matter-co-founder-cousin-killed-los-angeles-police,article,us-news,2023-01-12,teacher and cousin of black lives matter founder ‘tased to death’ by lapd,https://www.theguardian.com/us-news/2023/jan/11/black-lives-matter-co-founder-cousin-killed-los-angeles-police,News,"A cousin of Black Lives Matter co-founder Patrisse Cullors was killed by Los Angeles police after he got in a traffic accident and officers who showed up repeatedly Tased and restrained him in the middle of the street, according to body-camera footage and his family’s account."
kelly-goodlett-breonna-taylor-guilty-plea-civil-rights-police,article,us-news,2022-08-23,former detective pleads guilty to civil rights violations in breonna taylor case,https://www.theguardian.com/us-news/2022/aug/23/kelly-goodlett-breonna-taylor-guilty-plea-civil-rights-police,News,"Former Louisville detective  Kelly Goodlett pleaded guilty to a federal charge of conspiracy on Tuesday for her role in the infamous police shooting of Breonna Taylor, a Black woman killed in her home, offering the first criminal conviction in a case that ignited nationwide protests over racial justice and police brutality."
george-floyd-minneapolis-police-officer-j-alexander-kueng-pleads-guilty,article,us-news,2022-10-24,ex-minneapolis officer pleads guilty to abetting murder of george floyd,https://www.theguardian.com/us-news/2022/oct/24/george-floyd-minneapolis-police-officer-j-alexander-kueng-pleads-guilty,News,"One of two former Minneapolis police officers charged with aiding and abetting the killing of George Floyd, the Black man whose violent death prompted street protests around the world, has pleaded guilty as part of an agreement with prosecutors hours before jury selection in his trial was to start."
us-police-killing-people-high-rates,article,us-news,2022-03-30,‘no progress’ since george floyd: us police killing three people a day,https://www.theguardian.com/us-news/2022/mar/30/us-police-killing-people-high-rates,News,"Police officers in America continue to kill people at an alarming rate, according to a data analysis that has raised concerns about the Biden administration’s push to expand police investments amid growing concerns about crime."
trial-george-floyd-murder-minneapolis-three-ex-police-officers,article,us-news,2022-01-24,trial begins of three ex-police officers present at george floyd murder,https://www.theguardian.com/us-news/2022/jan/24/trial-george-floyd-murder-minneapolis-three-ex-police-officers,News,"The bitter arctic blast, which had Minnesota temperatures below 0F , didn’t stop protesters from hosting a rally as the three lesser-known police officers accused of involvement in the  killing of George Floyd faced their turn in the courtroom."
first-thing-george-floyd-killer-pleads-guilty-civil-rights-charges-derek-chauvin,article,us-news,2021-12-16,george floyd killer pleads guilty to civil rights charges | first thing,https://www.theguardian.com/us-news/2021/dec/16/first-thing-george-floyd-killer-pleads-guilty-civil-rights-charges-derek-chauvin,News,Good morning.
los-angeles-black-lives-matter-police-unions,article,us-news,2021-05-24,can black lives matter la dismantle the powerful police unions?,https://www.theguardian.com/us-news/2021/may/24/los-angeles-black-lives-matter-police-unions,News,"On 22 April 2020, a Los Angeles police officer showed up to the scene of a car accident and fatally shot one of the drivers."
george-floyd-death-civil-trial-officers-minneapolis,article,us-news,2022-02-14,‘excited delirium’ emerges as key issue in trial of officers accused over george floyd death,https://www.theguardian.com/us-news/2022/feb/14/george-floyd-death-civil-trial-officers-minneapolis,News,Use of the controversial label “excited delirium” by first responders when subduing people exhibiting signs of severe agitation has emerged as a key issue in the  federal trial of three former Minneapolis police officers involved in the death of  George Floyd.
derek-chauvin-pleads-guilty-civil-rights-charges-george-floyd-killing,article,us-news,2021-12-15,derek chauvin pleads guilty to civil rights charges in killing of george floyd,https://www.theguardian.com/us-news/2021/dec/15/derek-chauvin-pleads-guilty-civil-rights-charges-george-floyd-killing,News,"Former Minneapolis police officer Derek Chauvin has pleaded guilty to violating George Floyd’s civil rights during the arrest that killed Floyd in May 2020, sparking mass racial justice protests across the US and beyond."
us-police-reform-bill-congress-bipartisan-talks,article,us-news,2021-09-23,sweeping george floyd police reform bill stalls as talks collapse,https://www.theguardian.com/us-news/2021/sep/22/us-police-reform-bill-congress-bipartisan-talks,News,Bipartisan negotiations in the US Congress over a police reform bill that was prompted by the killing of George Floyd have collapsed.
kentucky-no-knock-warrants-partial-ban-breonna-taylor,article,us-news,2021-04-09,kentucky partially bans no-knock warrants after breonna taylor killing,https://www.theguardian.com/us-news/2021/apr/09/kentucky-no-knock-warrants-partial-ban-breonna-taylor,News,"The governor of Kentucky has signed into law a partial ban on no-knock warrants, a year after the police shooting of Breonna Taylor fueled anti-racism demonstrations in the US and around the world."
black-lives-matter-fence-mural-minnesota-row,article,us-news,2021-04-19,black lives matter fence at center of row in minnesota city on edge,https://www.theguardian.com/us-news/2021/apr/19/black-lives-matter-fence-mural-minnesota-row,News,A simple suburban fence in Minnesota that has become a local attraction and a symbol of the battle for equality – but has also drawn critics – is now at the center of a row with the authorities.
capitol-mob-police-trump-george-floyd-protests-photos,article,us-news,2021-01-07,maga v blm: how police handled the capitol mob and george floyd activists – in pictures,https://www.theguardian.com/us-news/2021/jan/06/capitol-mob-police-trump-george-floyd-protests-photos,News,The contrast between the law enforcement reaction to the storming of the Capitol on Wednesday and the suppression of peaceful protests in the summer is not just stark – it is black and white.
george-floyd-memorials-vandalised-new-york-new-jersey,article,us-news,2021-06-25,george floyd memorials vandalised in new york and new jersey,https://www.theguardian.com/us-news/2021/jun/25/george-floyd-memorials-vandalised-new-york-new-jersey,News,"Supporters of a white nationalist hate group defaced brand-new memorials to George Floyd in New York and New Jersey this week, even as the nation  awaits a sentence for Floyd’s murderer."
george-floyd-jurors-speak-trial-video-verdict,article,us-news,2021-10-29,"‘i had a big gasp’: george floyd jurors speak on the trial, the video and the verdict",https://www.theguardian.com/us-news/2021/oct/29/george-floyd-jurors-speak-trial-video-verdict,News,"Jurors in the landmark George Floyd murder trial spoke about the life-altering case and how the experience still affects them, in an interview  with CNN on Thursday."
george-floyd-square-minneapolis-barricades,article,us-news,2021-06-03,minneapolis removes barricades to reopen george floyd square to traffic,https://www.theguardian.com/us-news/2021/jun/03/george-floyd-square-minneapolis-barricades,News,Parts of the memorial space constructed at the south Minneapolis intersection where George Floyd was murdered by a white police officer were removed by work crews on Thursday morning.
darnella-frazier-pulitzer-prize-george-floyd-video,article,us-news,2021-06-11,pulitzer board honors darnella frazier for her ‘courageous’ george floyd video,https://www.theguardian.com/us-news/2021/jun/11/darnella-frazier-pulitzer-prize-george-floyd-video,News,The teenager whose video documenting the murder of George Floyd helped galvanize a global movement over racial injustice was awarded a special citation by the Pulitzer prizes board.
derek-chauvin-verdict-guilty-murder-george-floyd,article,us-news,2021-04-21,derek chauvin found guilty of murder of george floyd,https://www.theguardian.com/us-news/2021/apr/20/derek-chauvin-verdict-guilty-murder-george-floyd,News,"Derek Chauvin has been  convicted of murder for killing George Floyd by kneeling on his neck for more than nine minutes, a crime that prompted waves of protests in support of racial justice in the US and across the world."
george-floyd-protesters-charges-citations-analysis,article,us-news,2021-04-17,"most charges against george floyd protesters dropped, analysis shows",https://www.theguardian.com/us-news/2021/apr/17/george-floyd-protesters-charges-citations-analysis,News,"The vast majority of citations and charges against George Floyd protesters were ultimately dropped, dismissed or otherwise not filed, according to a Guardian analysis of law enforcement records and media reports in a dozen jurisdictions around the nation."
first-thing-rallies-in-minneapolis-mark-anniversary-of-george-floyd,article,us-news,2021-05-24,rallies in minneapolis mark anniversary of george floyd murder  | first thing,https://www.theguardian.com/us-news/2021/may/24/first-thing-rallies-in-minneapolis-mark-anniversary-of-george-floyd,News,"Good morning,"
derek-chauvin-george-floyd-murder-sentencing,article,us-news,2021-06-25,derek chauvin sentenced to 22.5 years in prison for murder of george floyd,https://www.theguardian.com/us-news/2021/jun/25/derek-chauvin-george-floyd-murder-sentencing,News,"Derek Chauvin, the former Minneapolis police officer who murdered George Floyd, has been sentenced to 22 years and six months for second-degree murder, closing one chapter of a case that thrust the issue of race and American policing back into the global spotlight."
breonna-taylor-louisville-kentucky-one-year-on-blm,article,us-news,2021-03-13,louisville's failure to address racial disparities prompts fears 'there will be another breonna taylor',https://www.theguardian.com/us-news/2021/mar/13/breonna-taylor-louisville-kentucky-one-year-on-blm,News,"Three hundred and sixty-five days. Four police chiefs. Two fatal shootings tied to protests. Hundreds of protesters arrested. Zero charges for the three police officers who fired 32 bullets in the early morning raid that killed Breonna Taylor, hitting her six times."
george-floyd-killing-anniversary-biden-police-reform-deadline,article,us-news,2021-05-24,biden to meet with george floyd family but miss police reform deadline,https://www.theguardian.com/us-news/2021/may/24/george-floyd-killing-anniversary-biden-police-reform-deadline,News,Joe Biden will on Tuesday meet the family of George Floyd on the first anniversary of his murder by police in Minneapolis – but miss his own deadline for police reform to address racial injustice.
george-floyd-2004-drug-conviction-houston,article,us-news,2021-04-27,texas officials seek posthumous pardon for george floyd over drug conviction,https://www.theguardian.com/us-news/2021/apr/27/george-floyd-2004-drug-conviction-houston,News,"Nearly a year after his death, and a week after the police officer who killed him in Minneapolis was  found guilty of murder, the search for justice for George Floyd continues."
judeah-reynolds-george-floyd-derek-chauvin-trial,article,us-news,2021-04-21,"girl, 10, who witnessed george floyd murder ‘proud’ after guilty verdict",https://www.theguardian.com/us-news/2021/apr/21/judeah-reynolds-george-floyd-derek-chauvin-trial,News,A young girl who witnessed Derek Chauvin murder George Floyd has said she felt “proud” after the jury’s verdict on Tuesday.
daunte-wright-george-floyd-americas-recurring-tragedy,article,us-news,2021-04-18,daunte wright and george floyd: another chapter in america’s recurring tragedy,https://www.theguardian.com/us-news/2021/apr/17/daunte-wright-george-floyd-americas-recurring-tragedy,News,"It was shortly after midday on Thursday at the New Salem Missionary Baptist church in Minneapolis. In front of a towering stone facade, Katie Wright stood at the pulpit, almost dwarfed by the plexiglass lectern and mass of microphones in front of her. She shuddered with grief, held by members of her family."
george-floyd-death-murder-police-officers-civil-rights-charges,article,us-news,2021-05-07,george floyd death: four ex-police officers indicted on civil rights charges,https://www.theguardian.com/us-news/2021/may/07/george-floyd-death-murder-police-officers-civil-rights-charges,News,"A federal grand jury has indicted the four former Minneapolis police officers involved in George Floyd’s arrest and murder, accusing them of violating the Black man’s constitutional rights as he was restrained face-down on the pavement and gasping for air, according to indictments unsealed on Friday."
george-floyd-minneapolis-anniversary-events,article,us-news,2021-05-24,george floyd: minneapolis holds rallies in build-up to anniversary of police killing,https://www.theguardian.com/us-news/2021/may/23/george-floyd-minneapolis-anniversary-events,News,"Members of George Floyd’s family, and others who lost loved ones to police encounters, have joined crowds in Minneapolis for a march that was one of several events planned nationwide to mark the one-year anniversary of Floyd’s death."
breonna-taylor-protests-what-we-know-so-far,article,us-news,2020-09-24,breonna taylor protests: what we know so far,https://www.theguardian.com/us-news/2020/sep/24/breonna-taylor-protests-what-we-know-so-far,News,"trong>Protests have erupted across the US after a grand jury decided not to directly charge police officers for the killing of Breonna Taylor,trong> who was fatally shot by Louisville police as officers carried out a no-knock warrant in March."
derek-chauvin-murder-trial-george-floyd,article,us-news,2021-03-29,prosecutors accuse derek chauvin of killing george floyd as trial starts,https://www.theguardian.com/us-news/2021/mar/29/derek-chauvin-murder-trial-george-floyd,News,"Prosecutors accused former police officer Derek Chauvin of killing a defenceless George Floyd by “grinding and crushing him until the very breath, the very life, was squeezed out of him”, at the opening on Monday of a murder trial regarded by millions as a litmus test of US police accountability."
george-floyd-killing-chauvin-trial-verdict-protests,article,us-news,2021-04-18,george floyd killing: protests flare as americans await verdict in chauvin trial,https://www.theguardian.com/us-news/2021/apr/18/george-floyd-killing-chauvin-trial-verdict-protests,News,"Protests against police killings flared across the US this weekend, from Minneapolis to Chicago to Portland, as Americans wait for a verdict in the trial of the white police officer charged with murdering George Floyd last year."
minneapolis-verdict-george-floyd-new-beginning,article,us-news,2021-04-21,minneapolis hopes for new beginning after verdict: ‘george floyd is a movement’,https://www.theguardian.com/us-news/2021/apr/20/minneapolis-verdict-george-floyd-new-beginning,News,"As George Floyd’s girlfriend waited for a verdict in the trial of Derek Chauvin, the police officer charged with murdering Floyd, one of the journalists crowded around her asked what being present outside the Minneapolis courthouse meant to her."
george-floyd-derek-chauvin-trial-defense-rests-case,article,us-news,2021-04-15,george floyd killing: defense rests case after derek chauvin declines to testify,https://www.theguardian.com/us-news/2021/apr/15/george-floyd-derek-chauvin-trial-defense-rests-case,News,Derek Chauvin declined to testify in his murder trial over the killing of George Floyd as the defence wrapped up its case after just two days of testimony.
derek-chauvin-trial-george-floyd-death-absolutely-preventable-doctor-testifies,article,us-news,2021-04-12,"derek chauvin trial: george floyd was ‘a person everybody loved’, brother says",https://www.theguardian.com/us-news/2021/apr/12/derek-chauvin-trial-george-floyd-death-absolutely-preventable-doctor-testifies,News,"George Floyd’s younger brother, Philonise Floyd, took the stand on Monday in the trial of the former police officer accused of murdering him and told the jury how George Floyd was “a person that everybody loved around the community”."
derek-chauvin-trial-minneapolis-george-floyd-protesters,article,us-news,2021-04-08,the protesters who gather every day to demand justice for george floyd,https://www.theguardian.com/us-news/2021/apr/08/derek-chauvin-trial-minneapolis-george-floyd-protesters,News,"Behind the Hennepin county courthouse in downtown Minneapolis, which is heavily fortified for the  murder trial of Derek Chauvin, a small but determined core of seven protesters gathers every day."
breonna-taylor-louisville-state-of-emergency-grand-jury-decision,article,us-news,2020-09-22,louisville declares state of emergency ahead of breonna taylor decision,https://www.theguardian.com/us-news/2020/sep/22/breonna-taylor-louisville-state-of-emergency-grand-jury-decision,News,"A state of emergency was declared in Louisville, Kentucky, in anticipation of protests following an imminent grand jury decision on the police killing of Breonna Taylor."
los-angeles-police-george-floyd-protests-review,article,us-news,2021-03-12,independent review criticizes la police for handling of george floyd protests,https://www.theguardian.com/us-news/2021/mar/11/los-angeles-police-george-floyd-protests-review,News,"The Los Angeles police department has been criticised over its handling of the widespread protests that broke out over the summer after the death of George Floyd, with an independent review finding that poor planning led to chaos and mass arrests."
first-thing-derek-chauvin-supervisor-says-his-force-against-george-floyd-was-unnecessary,article,us-news,2021-04-02,chauvin’s supervisor says his force against george floyd was unnecessary | first thing,https://www.theguardian.com/us-news/2021/apr/02/first-thing-derek-chauvin-supervisor-says-his-force-against-george-floyd-was-unnecessary,News,Good morning.
first-thing-police-did-not-let-bystanders-help-george-floyd-court-hears,article,us-news,2021-03-31,"police did not let bystanders help george floyd, court hears | first thing",https://www.theguardian.com/us-news/2021/mar/31/first-thing-police-did-not-let-bystanders-help-george-floyd-court-hears,News,Good morning.
george-floyd-life-biography,article,us-news,2021-04-20,the life of george floyd: ‘he knew how to make people feel better’,https://www.theguardian.com/us-news/2021/apr/20/george-floyd-life-biography,News,George Floyd’s loved ones said  at his funeral on 9 June last year that his tragic killing at the hands of police was “going to change the world”.
george-floyd-family-activists-murder-trial-derek-chauvin,article,us-news,2021-03-29,‘america is on trial’: george floyd family and activists gather outside courthouse,https://www.theguardian.com/us-news/2021/mar/29/george-floyd-family-activists-murder-trial-derek-chauvin,News,Members of George Floyd’s family along with the civil rights attorney Ben Crump and the campaigner Al Sharpton gathered and knelt in front of the courthouse in Minneapolis on Monday morning as the murder trial began of former police officer Derek Chauvin.
biden-george-floyd-family-anniversary-of-murder,article,us-news,2021-05-25,george floyd family urges biden to pass police reform bill as it stalls in senate,https://www.theguardian.com/us-news/2021/may/25/biden-george-floyd-family-anniversary-of-murder,News,"“Say his name,” said seven-year-old Gianna Floyd. In bright sunshine outside the west wing of the White House, family members and lawyers raised their fists and said her father’s name in chorus: “George Floyd!”"
derek-chauvin-trial-george-floyd-defense,article,us-news,2021-04-14,derek chauvin trial: defense claims bad heart and drug use killed george floyd,https://www.theguardian.com/us-news/2021/apr/14/derek-chauvin-trial-george-floyd-defense,News,A leading forensic pathologist has told the Derek Chauvin trial that George Floyd was killed by his heart condition and drug use.
the-family-whose-black-lives-matter-sign-shook-their-conservative-town,article,us-news,2020-09-28,the family whose black lives matter sign shook their conservative town,https://www.theguardian.com/us-news/2020/sep/28/the-family-whose-black-lives-matter-sign-shook-their-conservative-town,News,"The hamlet of White Sulphur Springs, two hours north-west of New York City, tumbles toward the rolling foothills of the Catskill mountains off New York state route 52 in rural, verdant Sullivan county. The first white settlers, drawn by the dense hemlock forest, set up sawmills; later, dairy farms and tanneries were the area’s main economic drivers. But now and for the past hundred or so years, this bucolic wedge of New York countryside relies on tourism."
breonna-taylor-louisville-reaches-substantial-settlement-with-family-reports,article,us-news,2020-09-15,breonna taylor: louisville officials agree to pay family $12m,https://www.theguardian.com/us-news/2020/sep/15/breonna-taylor-louisville-reaches-substantial-settlement-with-family-reports,News,"The city of Louisville, Kentucky, has reached a $12m settlement with the family of Breonna Taylor in a civil suit stemming from  the fatal shooting by police of the 26-year-old inside her apartment in March, the city’s mayor, Greg Fischer, announced on Tuesday."
los-angeles-district-attorney-black-lives-matter,article,us-news,2020-10-15,how black lives matter reshaped the race for los angeles’ top prosecutor,https://www.theguardian.com/us-news/2020/oct/15/los-angeles-district-attorney-black-lives-matter,News,"The race for top prosecutor in Los Angeles has become one of the most important criminal justice elections in the US this year, with Black Lives Matter activists pushing the contest to the forefront of national debates on racist policing and incarceration."
george-floyd-lack-of-oxygen-lung-expert-martin-tobin,article,us-news,2021-04-08,"george floyd died from lack of oxygen caused by restraint, lung expert testifies",https://www.theguardian.com/us-news/2021/apr/08/george-floyd-lack-of-oxygen-lung-expert-martin-tobin,News,A leading pulmonary expert has told the Derek Chauvin murder trial that George Floyd was killed by a lack of oxygen because a knee was pressed into his neck while he was held facedown in handcuffs.
derek-chauvin-trial-george-floyd-death-police-expert,article,us-news,2021-04-07,"chauvin used deliberate and excessive pain technique on george floyd, police expert says",https://www.theguardian.com/us-news/2021/apr/07/derek-chauvin-trial-george-floyd-death-police-expert,News,An expert police witness has told the Derek Chauvin murder trial in Minneapolis that the accused former officer used a technique designed to deliberately inflict pain and subjected George Floyd to it for an extended period.
derek-chauvin-sentencing-biden-harris-trump-us-politics-live,liveblog,us-news,2021-06-26,derek chauvin sentenced to 22 and a half years for murder of george floyd – as it happened,https://www.theguardian.com/us-news/live/2021/jun/25/derek-chauvin-sentencing-biden-harris-trump-us-politics-live,News," class=""block-time published-time""> ime datetime=""2021-06-26T00:05:34.234Z"">1.05am pan class=""timezone"">BSTpan>ime> "
breonna-taylor-grand-juror-homicide-charges,article,us-news,2020-10-21,"breonna taylor: grand juror speaks out, saying homicide charges weren't offered",https://www.theguardian.com/us-news/2020/oct/20/breonna-taylor-grand-juror-homicide-charges,News,"A grand juror in  the Breonna Taylor case has spoken out, challenging statements made by the Kentucky attorney general and saying that the jury was not offered homicide charges to consider against officers involved in Taylor’s killing. "
derek-chauvin-trial-george-floyd-death-latest-live-updates,liveblog,us-news,2021-04-02,derek chauvin trial: senior police testify over george floyd death – as it happened,https://www.theguardian.com/us-news/live/2021/apr/02/derek-chauvin-trial-george-floyd-death-latest-live-updates,News," class=""block-time published-time""> ime datetime=""2021-04-02T16:57:11.956Z"">5.57pm pan class=""timezone"">BSTpan>ime> "
first-thing-breonna-taylor-decision-sparks-protests-across-the-us,article,us-news,2020-09-24,first thing: breonna taylor decision sparks protests across the us,https://www.theguardian.com/us-news/2020/sep/24/first-thing-breonna-taylor-decision-sparks-protests-across-the-us,News,"Good morning,"
derek-chauvin-conviction-three-former-police-officers-george-floyd,article,us-news,2021-04-22,chauvin verdict a blow to ex-police trio awaiting trial over george floyd death,https://www.theguardian.com/us-news/2021/apr/22/derek-chauvin-conviction-three-former-police-officers-george-floyd,News,"As millions of Americans welcomed Derek Chauvin’s murder conviction, three of his former colleagues who still face trial for their part in George Floyd’s death will have greeted it with dismay."
derek-chauvin-trial-george-floyd-witness,article,us-news,2021-03-31,teen who filmed killing tells court george floyd was 'begging for his life',https://www.theguardian.com/us-news/2021/mar/30/derek-chauvin-trial-george-floyd-witness,News,The woman who recorded the shocking video of George Floyd’s death that prompted mass protests for racial justice around the world has told the Derek Chauvin murder trial of her feelings of guilt at being unable to intervene to save his life.
derek-chauvin-trial-george-floyd-death-closing-arguments-live,liveblog,us-news,2021-04-20,derek chauvin trial: jury begins deliberations over killing of george floyd – as it happened,https://www.theguardian.com/us-news/live/2021/apr/19/derek-chauvin-trial-george-floyd-death-closing-arguments-live,News," class=""block-time published-time""> ime datetime=""2021-04-19T23:55:30.475Z"">12.55am pan class=""timezone"">BSTpan>ime> "
protests-erupt-breonna-taylor-decision,article,us-news,2020-09-24,louisville protests: two officers shot amid breonna taylor killing charging decision,https://www.theguardian.com/us-news/2020/sep/23/protests-erupt-breonna-taylor-decision,News,Two police officers were shot in Louisville late Wednesday amid growing nationwide protests over the announcement that three officers involved in the killing of  Breonna Taylor would not be charged directly over her death.
derek-chauvin-trial-george-floyd-doctor-asphyxiation,article,us-news,2021-04-05,doctor who tried to save george floyd says asphyxia was likely cause of death,https://www.theguardian.com/us-news/2021/apr/05/derek-chauvin-trial-george-floyd-doctor-asphyxiation,News,The emergency room doctor who tried to save George Floyd’s life told  the Derek Chauvin murder trial on Monday he concluded the 46-year-old Black man most likely died of asphyxiation.
george-floyd-derek-chauvin-murder-trial-settlement,article,us-news,2021-03-15,chauvin lawyer seeks trial delay in wake of $27m george floyd family settlement,https://www.theguardian.com/us-news/2021/mar/15/george-floyd-derek-chauvin-murder-trial-settlement,News,"The defense attorney for the former Minneapolis police officer Derek Chauvin, who is charged with George Floyd’s murder, on Monday asked the judge to delay the trial now under way, saying the announcement by the city of a record $27m  settlement for Floyd’s family could make a fair trial impossible."
breonna-taylor-kentucky-police-grand-jury-decision,article,us-news,2020-09-24,breonna taylor: anger after grand jury refuses to charge officers in killing,https://www.theguardian.com/us-news/2020/sep/23/breonna-taylor-kentucky-police-grand-jury-decision,News,Anger erupted on Wednesday when a grand jury brought no charges against Louisville police for the killing of Breonna Taylor during a drug raid gone wrong.
breonna-taylor-decision-protesters-justice,article,us-news,2020-09-24,‘this city is hostile’: protesters despair for justice in breonna taylor killing,https://www.theguardian.com/us-news/2020/sep/23/breonna-taylor-decision-protesters-justice,News,"For nearly 120 days, protesters in Louisville, Kentucky, have shouted “no justice, no peace!” as they called for charges against three police officers involved in the killing of Breonna Taylor, a 26-year-old Black woman who was shot in her apartment in March as police executed a search warrant."
first-thing-eyes-on-minneapolis-george-floyd-trial-begins,article,us-news,2021-03-29,world's eyes on minneapolis as trial over death of george floyd begins | first thing,https://www.theguardian.com/us-news/2021/mar/29/first-thing-eyes-on-minneapolis-george-floyd-trial-begins,News,Good morning.
george-floyd-killing-derek-chauvin-trial-minneapolis,article,us-news,2021-03-08,george floyd killing: minneapolis on edge again as historic trial set to begin,https://www.theguardian.com/us-news/2021/mar/08/george-floyd-killing-derek-chauvin-trial-minneapolis,News,"One of the most significant police trials in US history begins on Monday and as the former officer who killed George Floyd stands before a judge, a jury and the world, many in Black communities in Minneapolis are braced against the dread of justice not being served."
breonna-taylor-grand-jury-testimony-release,article,us-news,2020-10-02,breonna taylor: grand jury testimony reveals police did not search her home,https://www.theguardian.com/us-news/2020/oct/02/breonna-taylor-grand-jury-testimony-release,News,"In grand jury testimony made public on Friday, a law enforcement officer said police in Kentucky did not end up searching Breonna Taylor’s apartment on the day she was shot and killed by police who had arrived with a search warrant."
george-floyd-daunte-wright-families-minneapolis,article,us-news,2021-04-14,families of george floyd and daunte wright join together in grief: ‘the world is traumatized’,https://www.theguardian.com/us-news/2021/apr/13/george-floyd-daunte-wright-families-minneapolis,News,"As court broke for lunch on the 12th day of the Derek Chauvin murder trial, the grounds of Hennepin county government center filled with grieving families."
john-lewis-from-civil-rights-titan-to-black-lives-matter,article,us-news,2020-07-18,john lewis: from civil rights titan to black lives matter,https://www.theguardian.com/world/2020/jul/18/john-lewis-from-civil-rights-titan-to-black-lives-matter,News,"He was the youngest speaker at the March on Washington in 1963. More than half a century later, he stood outside the White House surveying the words “Black Lives Matter” painted on a street. John Lewis’s story was in many ways America’s story and testament to its unfinished journey."
breonna-taylor-grand-jury-delay-kentucky-attorney-general,article,us-news,2020-09-30,"release breonna taylor grand jury files by friday, state attorney general told",https://www.theguardian.com/us-news/2020/sep/30/breonna-taylor-grand-jury-delay-kentucky-attorney-general,News,"Kentucky’s attorney general has been given until noon on Friday to release the secret grand jury proceedings in the Breonna Taylor case, after a delay was sought by the official on Wednesday just as audio recordings were set to be released to the public."
breonna-taylor-protests-louisville-grand-jury-decision,article,us-news,2020-09-25,breonna taylor decision: arrests as protesters take to streets for second night,https://www.theguardian.com/us-news/2020/sep/24/breonna-taylor-protests-louisville-grand-jury-decision,News,"Protesters took to the streets of Louisville and other US cities once again on Thursday, as public anger and sadness swelled in the wake of the announcement that no police officers would be charged directly with the shooting death of Breonna Taylor in March."
derek-chauvin-trial-police-chief-medaria-arradondo,article,us-news,2021-04-05,"chauvin's use of force on george floyd was 'in no way' policy, says police chief",https://www.theguardian.com/us-news/2021/apr/05/derek-chauvin-trial-police-chief-medaria-arradondo,News,"The Minneapolis police chief, Medaria Arradondo, told the Derek Chauvin murder trial on Monday that he “vehemently disagrees” that there was any justification for the former police officer to keep his knee on George Floyd’s neck for more than nine minutes."
st-louis-couple-rnc-mark-patricia-mccloskey,article,us-news,2020-08-25,st louis couple who threatened black lives matter protesters speak at rnc,https://www.theguardian.com/us-news/2020/aug/24/st-louis-couple-rnc-mark-patricia-mccloskey,News,A white St Louis couple  facing charges for brandishing guns at peaceful Black Lives Matter protesters have baselessly accused Democratstrong> trong>of “protecting criminals from honest citizens” and trying to “abolish the suburbs”.
its-for-the-people-how-george-floyd-square-became-a-symbol-of-resistance-and-healing,article,us-news,2021-03-28,‘it’s for the people’: how george floyd square became a symbol of resistance – and healing,https://www.theguardian.com/us-news/2021/mar/27/its-for-the-people-how-george-floyd-square-became-a-symbol-of-resistance-and-healing,News,The sign on a barricade on a once-unassuming street in Minneapolis reads: “You’re now entering the free state of George Floyd.”
minneapolis-george-floyd-my-home-town,article,us-news,2021-03-06,minneapolis on trial: how the year of george floyd changed me and my city,https://www.theguardian.com/us-news/2021/mar/06/minneapolis-george-floyd-my-home-town,News,"At 9.52pm on 8 March 2020, my university sent out an email telling students that we would start our spring break a week early because of a potential Covid-19 case on campus."
derek-chauvin-trial-george-floyd-minnesota-latest-live,liveblog,us-news,2021-04-12,"derek chauvin trial: george floyd was ‘a person everybody loved’, says his brother – as it happened",https://www.theguardian.com/us-news/live/2021/apr/12/derek-chauvin-trial-george-floyd-minnesota-latest-live,News," class=""block-time published-time""> ime datetime=""2021-04-12T22:12:33.992Z"">11.12pm pan class=""timezone"">BSTpan>ime> "
derek-chauvin-trial-george-floyd-live-updates,liveblog,us-news,2021-04-06,derek chauvin trial: police expert witness says ‘excessive force’ used on george floyd – as it happened,https://www.theguardian.com/us-news/live/2021/apr/06/derek-chauvin-trial-george-floyd-live-updates,News," class=""block-time published-time""> ime datetime=""2021-04-06T20:50:48.458Z"">9.50pm pan class=""timezone"">BSTpan>ime> "
jacob-blake-feared-becoming-next-george-floyd-wisconsin-police-shot,article,us-news,2021-01-14,jacob blake feared becoming ‘the next george floyd’ when officer shot him,https://www.theguardian.com/us-news/2021/jan/14/jacob-blake-feared-becoming-next-george-floyd-wisconsin-police-shot,News,"Jacob Blake feared becoming “the next  George Floyd” when a Wisconsin police officer shot him in the back seven times in the city of Kenosha, he said in a national TV interview."
breonna-taylor-protesters-stories-portraits,article,us-news,2020-09-26,"'it's not going to stop': four months on, they're still marching for breonna taylor",https://www.theguardian.com/us-news/2020/sep/26/breonna-taylor-protesters-stories-portraits,News,"For more than 120 days now, protesters have been gathering in downtown Louisville’s Jefferson Square Park calling for racial justice and charges against the officers involved in the police killing of Breonna Taylor."
breonna-taylor-donald-trump-joe-biden-black-lives-matter-coronavirus-covid-19-louisville-live-updates,liveblog,us-news,2020-09-25,breonna taylor: family attorney says wanton endangerment charge 'doesn't make sense' – as it happened,https://www.theguardian.com/us-news/live/2020/sep/24/breonna-taylor-donald-trump-joe-biden-black-lives-matter-coronavirus-covid-19-louisville-live-updates,News," class=""block-time published-time""> ime datetime=""2020-09-25T01:50:33.034Z"">2.50am pan class=""timezone"">BSTpan>ime> "
derek-chauvin-trial-george-floyd-minneapolis,article,us-news,2021-03-29,'the world is waiting': derek chauvin set to go on trial for killing of george floyd,https://www.theguardian.com/us-news/2021/mar/29/derek-chauvin-trial-george-floyd-minneapolis,News,"The murder trial of Derek Chauvin, the former police officer whose alleged killing of George Floyd last year prompted a wave of Black Lives Matter protests,  got fully under way with opening arguments in Minneapolis on Monday."
mark-mccloskey-gun-black-lives-matter-protesters-senate-run,article,us-news,2021-05-20,st louis lawyer who pointed gun at blm protesters announces senate run,https://www.theguardian.com/us-news/2021/may/20/mark-mccloskey-gun-black-lives-matter-protesters-senate-run,News,"The St Louis man who brandished his gun at Black Lives Matter protesters last summer, Mark McCloskey, announced on Tuesday that he is running for Senate in Missouri."
trump-coronavirus-briefing-black-lives-matter-protests,article,us-news,2020-07-23,trump falsely ties climbing covid-19 cases to black lives matter protests,https://www.theguardian.com/us-news/2020/jul/22/trump-coronavirus-briefing-black-lives-matter-protests,News,Donald Trump has cited Black Lives Matter protests against the police killing of George Floyd as among the likely causes of the recent surge in coronavirus cases.
breonna-taylor-killing-justice-louisville-kentucky,article,us-news,2020-07-26,breonna taylor killing: call for justice intensifies after months of frustration,https://www.theguardian.com/us-news/2020/jul/26/breonna-taylor-killing-justice-louisville-kentucky,News,"More than four long months since the  26-year-old black ER tech Breonna Taylor was gunned down in her home by police in a middle-of-the-night raid, Amira Bryant ate a couple of pieces of cheese wrapped in prosciutto and had no idea when her next meal would come."
derek-chauvin-trial-george-floyd-death-latest-updates,liveblog,us-news,2021-04-08,chauvin trial told ‘a healthy person would have died’ under same circumstances as george floyd – as it happened,https://www.theguardian.com/us-news/live/2021/apr/08/derek-chauvin-trial-george-floyd-death-latest-updates,News," class=""block-time published-time""> ime datetime=""2021-04-08T22:20:51.970Z"">11.20pm pan class=""timezone"">BSTpan>ime> "
lapd-investigation-george-floyd-image,article,us-news,2021-02-15,lapd and district attorney investigate george floyd photo with ‘you take my breath away’ caption,https://www.theguardian.com/us-news/2021/feb/15/lapd-investigation-george-floyd-image,News,The Los Angeles district attorney and the police department are investigating after a police officer reported that an image of George Floyd had been made into a mock-Valentine meme featuring the words “You take my breath away” and circulated among officers.
republican-voted-by-mistake-lance-gooden,article,us-news,2021-03-05,the only republican to vote in favor of george floyd bill said it was an accident,https://www.theguardian.com/us-news/2021/mar/05/republican-voted-by-mistake-lance-gooden,News,"When the US House of Representatives tallied up lawmakers’ votes on Wednesday for the George Floyd Justice in Policing Act, all but a single Republican had opposed the bill."
klan-leader-charged-harry-rogers-virginia,article,us-news,2020-06-08,klan leader charged over driving car into black lives matter protesters,https://www.theguardian.com/us-news/2020/jun/08/klan-leader-charged-harry-rogers-virginia,News,A self-described Ku Klux Klan leader has been charged with assault after driving his car into a group of Black Lives Matter protesters in Virginia.
philadelphia-armed-white-men-george-floyd-protests,article,us-news,2020-06-04,the armed white men who terrorized philadelphia’s black lives matter supporters,https://www.theguardian.com/us-news/2020/jun/04/philadelphia-armed-white-men-george-floyd-protests,News,"As thousands in Philadelphia marched to end police brutality against black Americans on Monday, a group of white men carrying bats, golf clubs, and other improvised weapons gathered in the city’s Fishtown neighborhood. "
husband-los-angeles-district-attorney-charged-with-pointing-a-gun-at-black-lives-matter-protesters,article,us-news,2020-08-04,husband of la district attorney charged after pointing gun at black lives matter protesters,https://www.theguardian.com/us-news/2020/aug/04/husband-los-angeles-district-attorney-charged-with-pointing-a-gun-at-black-lives-matter-protesters,News,"The husband of the Los Angeles district attorney has been charged with multiple firearm assaults after he pointed a gun at Black Lives Matter activists and said, “I will shoot you.”"
hundreds-armed-counter-protesters-confront-black-lives-matter-event-bethel-ohio,article,us-news,2020-06-18,hundreds of armed counter-protesters confront black lives matter rally in ohio,https://www.theguardian.com/us-news/2020/jun/18/hundreds-armed-counter-protesters-confront-black-lives-matter-event-bethel-ohio,News,A small and peaceful demonstration in an Ohio town to support the Black Lives Matter movement at the weekend was overwhelmed when hundreds of counter-protesters – some armed with rifles or baseball bats – harassed the group.
breonna-taylor-louisville-protest-george-floyd,article,us-news,2020-06-06,'she should be with us': louisville protesters remember breonna taylor,https://www.theguardian.com/us-news/2020/jun/06/breonna-taylor-louisville-protest-george-floyd,News,"Breonna Taylor would have been 27 on Friday, but most of the people who showed up in downtown Louisville to mark that milestone did not know her. A lot probably wish they had never heard her name."
utah-militia-armed-group-police-black-lives-matter-protests,article,us-news,2020-07-27,the birth of a militia: how an armed group polices black lives matter protests,https://www.theguardian.com/us-news/2020/jul/27/utah-militia-armed-group-police-black-lives-matter-protests,News,"The Utah Citizens’ Alarm is only a month old, and yet it already boasts 15,000-plus members."
redwood-city-black-lives-matter-mural-maga,article,us-news,2020-07-22,california city removes black lives matter mural after request to add pro-trump art,https://www.theguardian.com/us-news/2020/jul/22/redwood-city-black-lives-matter-mural-maga,News,"Officials in Redwood City, just south of San Francisco, had a Black Lives Matter street mural scrubbed away overnight despite giving the artist permission to paint the message."
police-violence-protests-us-george-floyd,article,us-news,2020-06-06,protests about police brutality are met with wave of police brutality across us,https://www.theguardian.com/us-news/2020/jun/06/police-violence-protests-us-george-floyd,News,"The nationwide anti-police brutality protests sparked by the killing of George Floyd in the US have been marked by widespread incidents of police violence, including punching, kicking, gassing, pepper-spraying and driving vehicles at often peaceful protesters in states across the country."
washington-mayor-muriel-bowser-trump,article,us-news,2020-06-06,washington mayor stands up to trump and unveils black lives matter mural,https://www.theguardian.com/us-news/2020/jun/06/washington-mayor-muriel-bowser-trump,News,"Just steps away from the White House, local artists and city crew workers took giant rolling paintbrushes to a street in central Washington DC to create a message the city’s African American mayor wanted to send to Donald Trump: “Black Lives Matter”."
joe-biden-campaign-north-carolina-donald-trump-covid-coronavirus-supreme-court-us-politics-live,liveblog,us-news,2020-09-24,breonna taylor decision: two officers shot in louisville as protests erupt across us – as it happened,https://www.theguardian.com/us-news/live/2020/sep/23/joe-biden-campaign-north-carolina-donald-trump-covid-coronavirus-supreme-court-us-politics-live,News," class=""block-time published-time""> ime datetime=""2020-09-24T12:45:44.708Z"">1.45pm pan class=""timezone"">BSTpan>ime> "
harvey-milk-assassination-police-brutality,article,us-news,2020-11-27,harvey milk's murder is a stark reminder of the persistence of police brutality,https://www.theguardian.com/us-news/2020/nov/27/harvey-milk-assassination-police-brutality,News,"Like millions around the world, last May the image of the Minneapolis police officer  Derek Chauvin killing  George Floyd sickened and angered me and drove me to the streets to demonstrate in support of Black Lives Matter. It also reminded me of events that occurred in my hometown of San Francisco 42 years ago on Friday."
trump-hollywood-walk-of-fame-star-defaced-protests,article,us-news,2020-06-08,trump's hollywood walk of fame star defaced in support of black lives matter,https://www.theguardian.com/us-news/2020/jun/08/trump-hollywood-walk-of-fame-star-defaced-protests,News,"Donald Trump’s star on the Hollywood Walk of Fame has been defaced yet again, this time in support of the Black Lives Matter movement."
beyonce-breonna-taylor-kentucky-attorney-general-letter,article,us-news,2020-06-14,beyoncé seeks justice for breonna taylor in letter to kentucky attorney general,https://www.theguardian.com/us-news/2020/jun/14/beyonce-breonna-taylor-kentucky-attorney-general-letter,News,"Beyoncé has written to the attorney general of Kentucky to demand justice for Breonna Taylor, a 26-year-old African American woman killed by plainclothes police officers while asleep in her Louisville home in the early hours of 13 March."
us-police-brutality-protest,article,us-news,2020-10-29,"nearly 1,000 instances of police brutality recorded in us anti-racism protests",https://www.theguardian.com/us-news/2020/oct/29/us-police-brutality-protest,News,"The United States is currently experiencing one of the longest continued periods of civil unrest in generations, after demonstrations sparked by George Floyd’s death expanded to protests against black Americans killed by police and systemic racism in the country."
portland-federal-agents-teargas-protesters-black-lives-matter,article,us-news,2020-07-26,'white as hell': portland protesters face off with trump but are they eclipsing black lives matter?,https://www.theguardian.com/us-news/2020/jul/26/portland-federal-agents-teargas-protesters-black-lives-matter,News,Teal Lindseth surveyed the sea of mothers she was about to lead into the firing line.
rayshard-brooks-black-lives-matter-george-floyd-donald-trump-live-updates,liveblog,us-news,2020-06-16,black lives matter protests: atlanta shooting of rayshard brooks declared homicide – as it happened,https://www.theguardian.com/us-news/live/2020/jun/15/rayshard-brooks-black-lives-matter-george-floyd-donald-trump-live-updates,News," class=""block-time published-time""> ime datetime=""2020-06-16T00:43:52.956Z"">1.43am pan class=""timezone"">BSTpan>ime> "
george-floyd-trial-derek-chauvin-kneeled-on-teen-2017-video,article,us-news,2020-11-18,george floyd trial: prosecutors seek to show video of derek chauvin kneeling on teen,https://www.theguardian.com/us-news/2020/nov/18/george-floyd-trial-derek-chauvin-kneeled-on-teen-2017-video,News,Prosecutors in the upcoming trial of a former Minneapolis police officer charged with  killing George Floyd want to introduce evidence of a 2017 arrest in which they say the officer held his knee on the back of a 14-year-old boy and ignored his pleas that he couldn’t breathe.
americas-protest-crackdown-five-months-after-george-floyd-hundreds-face-trials-and-prison,article,us-news,2020-10-27,"america's protest crackdown: five months after george floyd, hundreds face trials and prison",https://www.theguardian.com/us-news/2020/oct/27/americas-protest-crackdown-five-months-after-george-floyd-hundreds-face-trials-and-prison,News,Lee Percy Christian III didn’t think Arizona law enforcement could stop him from protesting – until they locked him up indefinitely.
now-is-the-time-londons-black-lives-matter-rally-looks-like-a-turning-point,article,us-news,2020-06-06,‘now is the time’: london’s black lives matter rally looks like a turning point,https://www.theguardian.com/us-news/2020/jun/06/now-is-the-time-londons-black-lives-matter-rally-looks-like-a-turning-point,News,"It was always likely that the months of lockdown would demand some kind of emotional catharsis. You imagined it would involve the usual British excesses of lager and sunshine. In fact, in the past week its primary expression has been a coming together of mostly young people in our cities under the banner of  Black Lives Matter."
thousands-gather-in-london-for-george-floyd-protest,article,us-news,2020-06-03,thousands gather in london for george floyd protest,https://www.theguardian.com/us-news/2020/jun/03/thousands-gather-in-london-for-george-floyd-protest,News,Thousands of mostly young protesters have marched through central London in an overwhelmingly peaceful Black Lives Matter demonstration that culminated in passionate crowds gathering at the heart of Westminster.
george-floyd-protesters-condemn-opportunistic-looting-violence,article,us-news,2020-05-31,george floyd protesters condemn 'opportunistic' looting and violence,https://www.theguardian.com/us-news/2020/may/31/george-floyd-protesters-condemn-opportunistic-looting-violence,News,"Protesters in Minneapolis have condemned as “opportunistic”  looting and violence taking place in cities across the US, saying it is not being done in the name of George Floyd, the 46-year-old African American man who was killed during an arrest this week."
minneapolis-protests-journalists-teargassed-george-floyd,article,us-news,2020-05-31,minneapolis: journalists teargassed while covering george floyd protests,https://www.theguardian.com/us-news/2020/may/30/minneapolis-protests-journalists-teargassed-george-floyd,News,"Several journalists reporting on the protests in  Minneapolis on Saturday were teargassed as police worked to impose an evening curfew, just a day after a CNN reporter in the city was arrested live on air."
george-floyd-protests-what-we-know-so-far,article,us-news,2020-05-29,george floyd protests: what we know so far,https://www.theguardian.com/us-news/2020/may/28/george-floyd-protests-what-we-know-so-far,News,The US has been rocked by a  third night of protests over the death of George Floyd in police custody. Here is what we know so far:
george-floyd-protests-young-people-voting,article,us-news,2020-10-05,young people inspired by george floyd ask what is more powerful: voting or protest?,https://www.theguardian.com/us-news/2020/oct/05/george-floyd-protests-young-people-voting,News,"On 25 May, white Minneapolis police officer Derek Chauvin killed George Floyd by kneeling on his neck for nearly nine minutes. The viral video of the horrific slaying became a catalyst for a civil uprising that started in the city. Soon it would spur the largest-scale protests in American history."
breonna-taylor-louisville-police-shooting-kentucky,article,us-news,2020-05-14,breonna taylor shooting: hunt for answers in case of black woman killed by police,https://www.theguardian.com/us-news/2020/may/14/breonna-taylor-louisville-police-shooting-kentucky,News,"It has been two months since Breonna Taylor was sleeping in her apartment on the south side of Louisville, Kentucky, when plainclothes police officers arrived outside her door in the early hours of 13 March."
george-floyd-killing-death-officers,article,us-news,2020-09-11,officers charged in george floyd killing seek to place blame on one another,https://www.theguardian.com/us-news/2020/sep/11/george-floyd-killing-death-officers,News,"Attorneys for four former Minneapolis officers charged in the killing of George Floyd say each should get his own trial, as the officers point fingers at one another."
james-mattis-comdemns-trump-george-floyd-protests,article,us-news,2020-06-03,james mattis condemns trump’s handling of george floyd protests,https://www.theguardian.com/us-news/2020/jun/03/james-mattis-comdemns-trump-george-floyd-protests,News,"Donald Trump’s first defence secretary, James Mattis, has delivered a blistering condemnation of the president, accusing him of abusing executive authority in his response to the recent wave of anti-racism protests that have convulsed cities across the US, and calling for him for to be held accountable. "
george-floyd-protests-us-what-is-happening,article,us-news,2020-06-02,george floyd protests around the us: what is happening?,https://www.theguardian.com/us-news/2020/jun/02/george-floyd-protests-us-what-is-happening,News,Monday night saw continued peaceful protests and violence in many major US cities. Here’s an at-a-glance guide:
george-floyd-death-homicide-police-brutality,article,us-news,2020-06-02,george floyd: medical examiner says death was a homicide,https://www.theguardian.com/us-news/2020/jun/01/george-floyd-death-homicide-police-brutality,News,"A medical examiner has classified George Floyd’s death as a homicide, saying his heart stopped as police restrained him and suppressed his neck."
george-floyd-protests-reporters-targeted-by-police-and-crowds,article,us-news,2020-05-31,george floyd protests: reporters targeted by police and crowds,https://www.theguardian.com/us-news/2020/may/31/george-floyd-protests-reporters-targeted-by-police-and-crowds,News,"Journalists covering  the protests and riots that have erupted in US cities after the killing of George Floyd have reported being shot at, teargassed and arrested, as well as being intimidated by crowds."
black-voters-mobilzation-surge-voting-rights,article,us-news,2020-08-07,'an awakening': the george floyd protests spur surge in black voter registration,https://www.theguardian.com/us-news/2020/aug/07/black-voters-mobilzation-surge-voting-rights,News,"Gregory Sarafan spends most election years assisting team leaders with registration events at concerts, where they target young, unregistered voters. But Sarafan, regional coordinator for the voter registration organization HeadCount, knew that this summer, he was more likely to find that demographic marching through the streets to protest against police brutality after the deaths of George Floyd and Breonna Taylor."
donald-trump-george-floyd-police-killings,article,us-news,2020-07-15,trump twists stats on police brutality: 'more white people' are killed,https://www.theguardian.com/us-news/2020/jul/14/donald-trump-george-floyd-police-killings,News,"Donald Trump has once again stoked racial grievances, telling an interviewer who asked a question about the police killing of  George Floyd that white people also get killed by law enforcement in the US."
george-floyd-killing-triggers-wave-of-activism-around-the-world,article,us-news,2020-06-09,george floyd killing triggers wave of activism around the world,https://www.theguardian.com/us-news/2020/jun/09/george-floyd-killing-triggers-wave-of-activism-around-the-world,News,"His face is on murals in Belfast, on a shard of the Berlin Wall and on a blown-out building in Idlib. “I can’t breathe,” some of the last words George Floyd uttered as he was killed, are painted across a wall in Montreal. A slaver’s statue in Bristol has been uprooted. Statues of a colonial king have been burned and defaced across Belgium. In the Netherlands, the prime minister says a blackface Christmas ritual must end."
george-floyd-protests-take-place-in-cities-around-the-world,article,us-news,2020-06-01,george floyd: protests take place in cities around the world,https://www.theguardian.com/us-news/2020/jun/01/george-floyd-protests-take-place-in-cities-around-the-world,News,"People in cities around the world have marched in solidarity with demonstrators in the US, as politicians and public figures unite to condemn the killing of  George Floyd."
crowds-gather-in-britain-to-support-us-george-floyd-protests,article,us-news,2020-05-31,thousands gather in britain to support us george floyd protests,https://www.theguardian.com/us-news/2020/may/31/crowds-gather-in-britain-to-support-us-george-floyd-protests,News,"Protesters in London, Cardiff and Manchester gathered on Sunday in solidarity with demonstrations in the United States that were sparked by the death of  George Floyd."
what-have-protests-achieved-george-floyd-death-police-funding-statues,article,us-news,2020-06-08,what the george floyd protests have achieved in just two weeks,https://www.theguardian.com/us-news/2020/jun/08/what-have-protests-achieved-george-floyd-death-police-funding-statues,News,"In the weeks since video evidence showed a police officer kneeling on the neck of George Floyd, an unarmed black man, for almost nine minutes, protests have erupted across the US and the rest of the world."
i-aint-voting-till-black-lives-matter-what-does-an-activists-radical-strategy-mean-for-2020,article,us-news,2020-04-18,'i ain't voting till black lives matter': what does an activist's radical strategy mean for 2020?,https://www.theguardian.com/us-news/2020/apr/18/i-aint-voting-till-black-lives-matter-what-does-an-activists-radical-strategy-mean-for-2020,News,Death was the catalyst for Walter “Hawk” Newsome’s most contentious idea. It came to him during the first few days of July in 2016. This was the week that a Minnesota police officer shot 32-year-old Philando Castile  five times and killed him in his car; an off-duty New York police officer  killed 37-year-old Delron Dempsey in front of his family; and two Louisiana cops fatally shot Alton Sterling  six times.
trump-george-floyd-comments-economy-unemployment,article,us-news,2020-06-05,'revolting': trump condemned for saying george floyd is praising us economy,https://www.theguardian.com/us-news/2020/jun/05/trump-george-floyd-comments-economy-unemployment,News,"Donald Trump was condemned on Friday for making the “revolting, enraging, disrespectful” claim that George Floyd, an African American man killed by police, is looking down from heaven and praising the US economy."
outrageous-christian-leaders-reject-trump-use-of-church-as-prop-during-george-floyd-protests,article,us-news,2020-06-02,bishop 'outraged' over trump's church photo op during george floyd protests,https://www.theguardian.com/us-news/2020/jun/02/outrageous-christian-leaders-reject-trump-use-of-church-as-prop-during-george-floyd-protests,News,The Episcopal bishop of Washington DC has said she is “outraged” after officers used teargas to clear a crowd of peaceful protesters from near the White House to make way for  Donald Trump.
donald-trump-protests-george-floyd-dominate,article,us-news,2020-06-01,angry donald trump calls on governors to 'dominate' george floyd protests,https://www.theguardian.com/us-news/2020/jun/01/donald-trump-protests-george-floyd-dominate,News,"Donald Trump has urged US governors and law enforcement officials to take a more forceful approach in responding to protests sparked by the death of  George Floyd, an African American man who pleaded for air as a white Minneapolis police officer pressed his knee against his neck for several minutes."
donald-trump-protests-george-floyd-dominate,article,us-news,2020-06-01,angry donald trump calls on governors to 'dominate' george floyd protests,https://www.theguardian.com/us-news/2020/jun/01/donald-trump-protests-george-floyd-dominate,News,"Donald Trump has urged US governors and law enforcement officials to take a more forceful approach in responding to protests sparked by the death of  George Floyd, an African American man who pleaded for air as a white Minneapolis police officer pressed his knee against his neck for several minutes."
george-floyd-protests-los-angeles-arrests,article,us-news,2020-06-03,"george floyd protests: more than 3,000 arrested in los angeles county",https://www.theguardian.com/us-news/2020/jun/03/george-floyd-protests-los-angeles-arrests,News,"More than 3,000 protesters have been arrested in Los Angeles county during the demonstrations against the police killing of George Floyd in Minneapolis, police said, the overwhelming majority of them for non-violent offenses."
george-floyd-donald-trump-protests-violence-looting,article,us-news,2020-05-31,george floyd: donald trump under fire as violence flares across america,https://www.theguardian.com/us-news/2020/may/31/george-floyd-donald-trump-protests-violence-looting,News,"The chaos and crisis engulfing America came to the president’s doorstep on Saturday night, as protesters chanting “I can’t breathe” and “Fuck Donald Trump!” clashed with the Secret Service and police outside the White House."
abuse-of-power-global-outrage-grows-after-death-of-george-floyd,article,us-news,2020-06-02,'abuse of power': global outrage grows after death of george floyd,https://www.theguardian.com/us-news/2020/jun/02/abuse-of-power-global-outrage-grows-after-death-of-george-floyd,News,"The EU’s top diplomat has described the death of George Floyd as an “abuse of power”, adding his voice to growing international unease over the US killing as well as Washington’s subsequent violent crackdown against protesters."
george-floyd-protests-editorials-worldwide,article,us-news,2020-06-01,‘rotten racism’: newspapers around the world react to george floyd protests,https://www.theguardian.com/us-news/2020/jun/01/george-floyd-protests-editorials-worldwide,News,"The police killing of George Floyd in Minneapolis, the nationwide protests it triggered, and Donald Trump’s reaction have prompted comment and editorials around the globe."
george-floyd-protests-us-cities-hotspots-unrest,article,us-news,2020-05-31,george floyd protests: the us cities that became hotspots of unrest,https://www.theguardian.com/us-news/2020/may/31/george-floyd-protests-us-cities-hotspots-unrest,News,"Protests have erupted across the US, from coast to coast and north to south, in reaction to the death of  George Floyd, an African American man who was killed under the knee of a white police officer in Minneapolis last Monday."
trump-secret-service-george-floyd-protesters-white-house,article,us-news,2020-05-31,"george floyd: as protests rage across us, trump comments inflame tensions",https://www.theguardian.com/us-news/2020/may/30/trump-secret-service-george-floyd-protesters-white-house,News,"Donald Trump on Saturday belittled some of the protesters who have taken to the streets in cities across the United States, and raised the prospect of deploying violence against the American people for the second time in two days."
george-floyd-protests-latest-at-a-glance-white-house,article,us-news,2020-05-30,george floyd killing sparks protests across us: at a glance guide,https://www.theguardian.com/us-news/2020/may/30/george-floyd-protests-latest-at-a-glance-white-house,News,Protests against police brutality have spread across the US overnight and into Saturday morning. Here are the key developments:
george-floyd-brother-death-police,article,us-news,2020-05-28,brother of george floyd calls for death penalty for police involved,https://www.theguardian.com/us-news/2020/may/28/george-floyd-brother-death-police,News,"The brother of  George Floyd, the black man killed by police in Minneapolis on Monday after an incident  captured on video in which an officer knelt on his neck as he lay on the ground, has called for the death penalty for the police involved."
george-floyd-killing-minneapolis-protest-police,article,us-news,2020-05-27,hundreds demand justice in minneapolis after police killing of george floyd,https://www.theguardian.com/us-news/2020/may/26/george-floyd-killing-minneapolis-protest-police,News,"Police and protesters clashed in Minneapolis on Tuesday evening, following a demonstration at the intersection where  George Floyd was killed in an altercation with several police officers the day before."
george-floyd-police-killing-transcript-i-cant-breathe,article,us-news,2020-07-09,"george floyd told officers 'i can't breathe' more than 20 times, transcripts show",https://www.theguardian.com/us-news/2020/jul/08/george-floyd-police-killing-transcript-i-cant-breathe,News,"Newly released transcripts of the minutes leading up to George Floyd’s death reveal he told officers “I can’t breathe” more than 20 times, only to have his plea dismissed by  Derek Chauvin, the white officer pressing his knee into Floyd’s neck, who said: “It takes a heck of a lot of oxygen to talk.”"
us-troops-george-floyd-protest-bayonets-washington-dc,article,us-news,2020-07-03,"troops sent to dc during george floyd protests had bayonets, top general says",https://www.theguardian.com/us-news/2020/jul/03/us-troops-george-floyd-protest-bayonets-washington-dc,News,"The chairman of the joint chiefs of staff, army Gen Mark Milley, confirmed that some US troops sent to Washington during protests over George Floyd’s police killing were issued with bayonets."
greg-glassman-crossfit-ceo-resigns-george-floyd-protest-coronavirus-tweets-conspiracy-theories,article,us-news,2020-06-10,crossfit ceo greg glassman resigns after offensive george floyd and coronavirus tweets,https://www.theguardian.com/us-news/2020/jun/10/greg-glassman-crossfit-ceo-resigns-george-floyd-protest-coronavirus-tweets-conspiracy-theories,News,"The founder of the US fitness brand CrossFit will step down from his position as CEO following a disastrous few days that have seen the fitness program lose key partnerships, endorsements and the business of hundreds of affiliated gyms around the world. "
george-floyd-killing-derek-chauvin-bail,article,us-news,2020-06-09,george floyd killing: judge sets $1.25m bail for ex-officer derek chauvin,https://www.theguardian.com/us-news/2020/jun/08/george-floyd-killing-derek-chauvin-bail,News,"A judge has set bail at $1.25m for Derek Chauvin, the former Minneapolis police officer who has been charged with second-degree murder in connection to the killing of George Floyd."
andrea-sahouri-on-her-blm-protest-arrest-i-was-the-only-journalist-of-color-and-the-only-journalist-arrested,article,us-news,2021-03-15,andrea sahouri on her blm protest arrest: 'i was the only journalist of color and the only journalist arrested',https://www.theguardian.com/us-news/2021/mar/15/andrea-sahouri-on-her-blm-protest-arrest-i-was-the-only-journalist-of-color-and-the-only-journalist-arrested,News,"Six days after the murder of George Floyd, the Des Moines Register journalist  Andrea Sahouri went to work."
first-thing-george-floyd-is-going-to-change-the-world-but-how,article,us-news,2020-06-10,first thing: george floyd is 'going to change the world' - but how?,https://www.theguardian.com/us-news/2020/jun/10/first-thing-george-floyd-is-going-to-change-the-world-but-how,News,Good morning.
bob-kroll-george-floyd-minneapolis-police-union-chief,article,us-news,2020-06-01,anger as local police union chief calls george floyd a 'violent criminal',https://www.theguardian.com/us-news/2020/jun/01/bob-kroll-george-floyd-minneapolis-police-union-chief,News,"The president of the Minneapolis police union has written to its members calling George Floyd a “violent criminal”, describing those protesting over his death as terrorists and criticizing the city’s political leadership for not authorizing greater use of force to stop the rioting."
twitter-disables-trump-campaign-tribute-to-george-floyd-due-to-copyright-complaint,article,us-news,2020-06-05,twitter disables trump campaign tribute to george floyd due to copyright complaint,https://www.theguardian.com/us-news/2020/jun/05/twitter-disables-trump-campaign-tribute-to-george-floyd-due-to-copyright-complaint,News,"Twitter has disabled a video by Donald Trump’s campaign team that  pays tribute to George Floyd, saying it is the subject of a copyright complaint."
black-cnn-reporter-arrested-on-air-minneapolis-protests-george-floyd-killing,article,us-news,2020-05-29,black cnn reporter arrested on air at protests over george floyd killing,https://www.theguardian.com/us-news/2020/may/29/black-cnn-reporter-arrested-on-air-minneapolis-protests-george-floyd-killing,News,"Police in Minnesota arrested a black  CNN reporter reporting live on television early on Friday morning while covering  the Minneapolis protests over the death of  George Floyd, and led him and three crew members away in handcuffs, in what has been criticized as a racist incident."
george-floyd-protests-california-cities,article,us-news,2020-06-01,george floyd protests in california stretch from biggest cities to smaller towns,https://www.theguardian.com/us-news/2020/jun/01/george-floyd-protests-california-cities,News,"California erupted in protest alongside the rest of the country over the weekend, with hundreds of thousands taking to the streets over the police killing of George Floyd in Minneapolis."
george-floyd-killing-three-officers-charges,article,us-news,2020-06-01,george floyd killing: pressure grows for other three officers to face charges,https://www.theguardian.com/us-news/2020/jun/01/george-floyd-killing-three-officers-charges,News,"The Minneapolis police officer who spent almost nine minutes kneeling on the neck of George Floyd was  charged with murder on Friday. But the fate of his colleagues, who stood by as Floyd’s strained cries grew silent, is yet to be determined."
fires-light-up-washington-dc-on-third-night-of-george-floyd-protests,article,us-news,2020-06-01,fires light up washington dc on third night of george floyd protests,https://www.theguardian.com/us-news/2020/may/31/fires-light-up-washington-dc-on-third-night-of-george-floyd-protests,News,"Multiple fires broke out near the White House late on Sunday evening, as angry protesters gathered in Washington DC for the third night in a row following the death of George Floyd."
mr-president-dont-go-hide-china-goads-us-over-george-floyd-protests,article,us-news,2020-06-01,"'mr president, don't go hide': china goads us over george floyd protests",https://www.theguardian.com/us-news/2020/jun/01/mr-president-dont-go-hide-china-goads-us-over-george-floyd-protests,News,"Chinese officials and state media have seized on news of the protests sweeping the US, comparing the widespread unrest to the pro-democracy movement in Hong Kong and accusing Washington of hypocrisy."
jake-paul-youtube-looting-george-floyd-protest,article,us-news,2020-05-31,youtube star jake paul denies looting arizona mall during george floyd protests,https://www.theguardian.com/us-news/2020/may/31/jake-paul-youtube-looting-george-floyd-protest,News,The YouTube star Jake Paul has denied taking part in looting at an Arizona mall on Saturday night.
minneapolis-george-floyd-death-protests,article,us-news,2020-05-28,george floyd killing: doj says inquiry a 'top priority' after thousands protest,https://www.theguardian.com/us-news/2020/may/28/minneapolis-george-floyd-death-protests,News,The US Department of Justice said it had made its investigation into police involvement in the death of  George Floyd a “top priority” after thousands took to the streets for a second day of protests in Minneapolis.
george-floyd-houston-funeral,article,us-news,2020-06-09,george floyd to be laid to rest in houston funeral as world watches,https://www.theguardian.com/us-news/2020/jun/09/george-floyd-houston-funeral,News,The family of  George Floyd is preparing to lay his body to rest in his home town of Houston following weeks of protest over his killing by police in Minneapolis and a public viewing attended by thousands who waited for hours in the hot sun the day before.
george-floyd-judge-warns-he-may-move-trials,article,us-news,2020-06-29,george floyd judge warns he may move trials if officials keep talking about case,https://www.theguardian.com/us-news/2020/jun/29/george-floyd-judge-warns-he-may-move-trials,News,A Minnesota judge on Monday warned that he was likely to move the trials of four police officers charged in  George Floyd’s killing out of Minneapolis if public officials and attorneys do not stop talking publicly about the case.
jackie-lacey-husband-gun-black-lives-matter-la,article,us-news,2020-03-02,'i will shoot you': husband of la district attorney pulls gun on black lives matter activists,https://www.theguardian.com/us-news/2020/mar/02/jackie-lacey-husband-gun-black-lives-matter-la,News,"The husband of Los Angeles’s top prosecutor pulled a gun on Black Lives Matter activists outside his home and said, “I will shoot you,” while directly pointing his firearm at them,  video shows."
george-floyd-killing-memorial-service-protests,article,us-news,2020-06-06,george floyd killing: hundreds of thousands turn out for huge protests across us,https://www.theguardian.com/us-news/2020/jun/06/george-floyd-killing-memorial-service-protests,News,Hundreds of thousands of demonstrators marched in cities across the United States on Saturday in what were some of the largest protests yet seen in the unrest triggered by the killing of George Floyd by a white Minneapolis police officer.
are-you-taking-part-in-us-protests-after-the-death-of-george-floyd,article,us-news,2020-06-02,are you taking part in us protests after the death of george floyd?,https://www.theguardian.com/us-news/2020/jun/02/are-you-taking-part-in-us-protests-after-the-death-of-george-floyd,News,"Protests have gripped the US over the past week following the death of George Floyd, an African American man while in police custody. "
barack-obama-george-floyd-protests-advice-turning-point,article,us-news,2020-06-01,obama shares advice on how to make george floyd protests 'a turning point',https://www.theguardian.com/us-news/2020/jun/01/barack-obama-george-floyd-protests-advice-turning-point,News," Barack Obamatrong> trong>has once again weighed in on the  George Floydtrong> trong>protests gripping much of America and attracting global attention, suggesting the demonstrations could translate to “peaceful, sustained and effective action” to address structural racism."
george-floyd-minneapolis-governor-national-guard-protests-trump-white-house,article,us-news,2020-05-30,george floyd: governor's vow to reclaim streets rings hollow on night of chaos,https://www.theguardian.com/us-news/2020/may/30/george-floyd-minneapolis-governor-national-guard-protests-trump-white-house,News,"In the minutes before the curfew kicked in, state troopers sent waves of teargas into the crowd."
george-floyd-killing-protests-police-brutality,article,us-news,2020-05-29,george floyd killing: what sparked the protests – and what has been the response?,https://www.theguardian.com/us-news/2020/may/29/george-floyd-killing-protests-police-brutality,News,The US is undergoing a reckoning on race and police brutality after footage went viral of a white police officer killing a black man by kneeling on his neck for more than eight minutes. 
george-floyd-donald-trump-black-lives-matter,article,us-news,2020-06-01,'he is a destroyer': how the george floyd protests left donald trump exposed,https://www.theguardian.com/us-news/2020/jun/01/george-floyd-donald-trump-black-lives-matter,News,"“Americans watching this address tonight have seen the recent images of violence in our streets and the chaos in our communities. Many have witnessed this violence personally, some have even been its victims. I have a message for all of you: the crime and violence that today afflicts our nation will soon – and I mean very soon – come to an end.”"
rage-and-anguish-how-the-us-papers-have-covered-the-george-floyd-protests,article,us-news,2020-06-01,rage and anguish: how the us papers have covered the george floyd protests,https://www.theguardian.com/us-news/2020/jun/01/rage-and-anguish-how-the-us-papers-have-covered-the-george-floyd-protests,News,The front pages of US newspapers over the past few days tell of the double tragedy of a nation rocked by protests over the death of  George Floyd and the growing coronavirus toll.
trump-flees-to-bunker-as-protests-over-george-floyd-rage-outside-white-house,article,us-news,2020-06-01,trump fled to bunker as protests over george floyd raged outside white house,https://www.theguardian.com/us-news/2020/may/31/trump-flees-to-bunker-as-protests-over-george-floyd-rage-outside-white-house,News,"Donald Trump was taken to the secure White House bunker, usually reserved for times of war or terrorist attacks, in the midst of noisy protests on Friday about the killing of George Floyd by police, and sporadic clashes close to the presidential complex’s perimeter."
george-floyd-us-cities-protests-violence-minneapolis-new-york,article,us-news,2020-06-01,george floyd: curfews fail to deter a new wave of protests across us,https://www.theguardian.com/us-news/2020/may/31/george-floyd-us-cities-protests-violence-minneapolis-new-york,News,"Cities across the US saw further unrest on Sunday as protests against police brutality and the killing of George Floyd in Minneapolis raged on. Fires burned in the nation’s capital, including near the White House, on the sixth day of nationwide demonstrations."
john-lewis-essay-final-rousing-call-for-action-progress,article,us-news,2020-07-30,‘emmett till was my george floyd’: john lewis makes final rousing call for progress in essay,https://www.theguardian.com/us-news/2020/jul/30/john-lewis-essay-final-rousing-call-for-action-progress,News,"John Lewis, the civil rights leader who was bloodied in protests against southern segregation, who spoke at the March on Washington and went on to become the “conscience of Congress”, has left a powerful call to action to the American people that is being heard on the day of his funeral."
george-floyd-sister-police-officers-should-be-charged-with-murder,article,us-news,2020-05-28,george floyd killing: sister says officers should face murder charge as protests grow,https://www.theguardian.com/us-news/2020/may/27/george-floyd-sister-police-officers-should-be-charged-with-murder,News,"The sister of George Floyd, the black man killed by police in Minneapolis after an incident  captured on video in which an officer knelt on his neck as he lay on the ground, has called for those involved in his death to be charged with murder."
george-floyd-protests-minnesota-governor-riots-looting-police,liveblog,us-news,2020-05-31,george floyd: police forcefully crack down on protests across us – as it happened,https://www.theguardian.com/us-news/live/2020/may/30/george-floyd-protests-minnesota-governor-riots-looting-police,News," class=""block-time published-time""> ime datetime=""2020-05-31T12:19:25.938Z"">1.19pm pan class=""timezone"">BSTpan>ime> "
george-floyd-protests-saturday-curfews-minneapolis,article,us-news,2020-05-31,george floyd: protests and unrest coast to coast as us cities impose curfews,https://www.theguardian.com/us-news/2020/may/30/george-floyd-protests-saturday-curfews-minneapolis,News,"Tense protests over the death of George Floyd and other police killings of black people spread across the US on Saturday night as mayors around the country imposedtrong> trong>curfews and several governors called in the national guard amid scenes of violence, injuries and unrest."
minneapolis-george-floyd-protests-saturday-crackdown,article,us-news,2020-05-31,dispatch from minneapolis: the night the city cracked down on george floyd protests,https://www.theguardian.com/us-news/2020/may/31/minneapolis-george-floyd-protests-saturday-crackdown,News,The governor had promised Saturday would be different and it was.
george-floyd-killing-us-politics-trump-biden,article,us-news,2020-05-30,‘a national crisis’: how the killing of george floyd is changing us politics,https://www.theguardian.com/us-news/2020/may/30/george-floyd-killing-us-politics-trump-biden,News,"Riots in Minneapolis and across the US triggered by video footage showing George Floyd, a black man, killed under the knee of a police officer, has caused a dramatic shift in the national political debate in America and thrust race to the center of the stage."
george-floyd-who-was-he-his-friends-words,article,us-news,2020-05-29,"an athlete, a father, a 'beautiful spirit': george floyd in his friends' words",https://www.theguardian.com/us-news/2020/may/29/george-floyd-who-was-he-his-friends-words,News,"Before his  death beneath a Minneapolis police officer’s knee,  George Floyd was suffering the same fate as millions of Americans during the coronavirus pandemic: out of work and looking for a new job."
americans-racism-police-brutality-problems-poll,article,us-news,2020-07-08,"nine out of 10 americans say racism and police brutality are problems, poll finds",https://www.theguardian.com/us-news/2020/jul/08/americans-racism-police-brutality-problems-poll,News,"Nine in 10 Americans believe that racism and police violence are problems in the country, a Guardian/ Opinium Research poll has found, a sign that public opinion is shifting away from the views put forward by Donald Trump."
george-floyd-protests-young-voters-elections-local,article,us-news,2020-06-08,‘apathy is no longer a choice’: will the george floyd protests energize young voters?,https://www.theguardian.com/us-news/2020/jun/08/george-floyd-protests-young-voters-elections-local,News,"With the US presidential election looming, equal rights groups and others on the left say the proteststrong> trong>sparked by George Floyd’s death can translate into a surge in young people voting in November."
george-floyd-buried-black-lives-matter-trump-coronavirus-live,liveblog,us-news,2020-06-10,george floyd memorial: al sharpton condemns trump's 'wickedness in high places' – as it happened,https://www.theguardian.com/us-news/live/2020/jun/09/george-floyd-buried-black-lives-matter-trump-coronavirus-live,News," class=""block-time published-time""> ime datetime=""2020-06-10T01:54:30.366Z"">2.54am pan class=""timezone"">BSTpan>ime> "
police-killings-california-george-floyd-oscar-grant,article,us-news,2020-06-07,'george floyd happens every day': activists seek justice for police killings the media forgot,https://www.theguardian.com/us-news/2020/jun/07/police-killings-california-george-floyd-oscar-grant,News,"In 2014, 28-year-old  Alex Nieto was killed by San Francisco police while he ate a burrito on a hilltop park. In 2017, in northern California, 21-year-old  Angel Ramos was shot and killed by Vallejo police during a large fight. In 2019, 23-year-old  Miles Hall was shot and killed by Walnut Creek police during a mental health crisis."
floyd-covid-19-hurt-trump-but-maybe-not-fatally,article,us-news,2020-06-06,"the george floyd murder and covid-19 have hurt trump, but maybe not fatally",https://www.theguardian.com/us-news/2020/jun/06/floyd-covid-19-hurt-trump-but-maybe-not-fatally,News,"Voter disapproval of Donald Trump’s handling of the George Floyd protests and the Covid-19 pandemic, plus the accompanying economic meltdown, have undoubtedly hurt the president’s re-election chances."
coronavirus-cases-donald-trump-mary-joe-biden-maxwell-alabama-maine-texas-primary-live-updates,liveblog,us-news,2020-07-15,"trump says white people also killed by police, when asked about george floyd – as it happened",https://www.theguardian.com/us-news/live/2020/jul/14/coronavirus-cases-donald-trump-mary-joe-biden-maxwell-alabama-maine-texas-primary-live-updates,News," class=""block-time published-time""> ime datetime=""2020-07-15T00:09:54.436Z"">1.09am pan class=""timezone"">BSTpan>ime> "
george-floyd-killing-derek-chauvin-charge-elevated-three-other-officers-charged,article,us-news,2020-06-03,minnesota charges three more officers over george floyd killing and elevates chauvin murder charge,https://www.theguardian.com/us-news/2020/jun/03/george-floyd-killing-derek-chauvin-charge-elevated-three-other-officers-charged,News,"The Minnesota attorney general, Keith Ellison, has announced charges against three former police officers in the death of  George Floyd, and increased the charge against the officer who kneeled on the man’s neck."
george-floyd-protests-monday-curfews-autopsy,article,us-news,2020-06-02,george floyd killing: widespread curfews fail to stop fresh wave of protests across us,https://www.theguardian.com/us-news/2020/jun/01/george-floyd-protests-monday-curfews-autopsy,News,"Cities witnessed another night of protests despite widespread curfews as sporadic unrest continued across the US one week after George Floyd’s death, which autopsies on Monday  ruled was a homicide.trong>r/>trong>r/>From New York to Washington DC and from Philadelphia to Los Angeles, many communities enacted curfews on Monday, in some cases giving residents just hours’ or minutes’ notice."
protest-washington-dc-george-floyd-white-house-trump,article,us-news,2020-05-31,george floyd: protesters clash with secret service as unrest comes to the white house,https://www.theguardian.com/us-news/2020/may/30/protest-washington-dc-george-floyd-white-house-trump,News,"The unrest has come to Donald Trump’s doorstep as protesters clash with the Secret Service and police outside the White House for the second successive day.r/>r/>Chanting “I can’t breathe”, “Black Lives Matter” and “Fuck Donald Trump!”, hundreds of demonstrators on Saturday circled the White House grounds, which have come to resemble a fortress more than at any time in recent memory.r/>r/>Armored Secret Service, along with District of Columbia police and park police, lined up in front of the protesters, forming a barricade as the US president returned to the White House from a trip to Florida. Lafayette Square, the park in front of the executive mansion, was sealed off with steel barriers."
minneapolis-george-floyd-police-killing-flames,article,us-news,2020-05-29,night of flames and fury as minneapolis swells with outrage over george floyd killing,https://www.theguardian.com/us-news/2020/may/29/minneapolis-george-floyd-police-killing-flames,News,"The moment the convoy of police cars crashed through the locked gates out of Minneapolis’s 3rd precinct station and made a dash for safety, the crowd knew that the area was theirs."
protests-george-floyd-black-lives-matter-saturday,article,us-news,2020-06-07,george floyd killing: peaceful protests sweep america as calls for racial justice reach new heights,https://www.theguardian.com/us-news/2020/jun/06/protests-george-floyd-black-lives-matter-saturday,News,"Hundreds of thousands of Americans took to the streets, in big cities and small towns, from coast to coast, marking one of the the most expansive mobilizations yet in the nationwide protests against police violence and systemic racism sparked by the police killing of George Floyd in Minneapolis."
george-floyd-protests-can-trump-deploy-federal-troops-onto-the-streets-in-the-us,article,us-news,2020-06-02,george floyd protests: can trump deploy federal troops on to the streets in the us?,https://www.theguardian.com/us-news/2020/jun/02/george-floyd-protests-can-trump-deploy-federal-troops-onto-the-streets-in-the-us,News,US president Donald Trump has  threatened to deploy the United States military to American cities to quell civil unrest in the wake of George Floyd’s death.
george-floyd-protests-latest-news-riots-us-cities-donald-trump-police-brutality-live,liveblog,us-news,2020-06-01,george floyd: fires burn near white house as us-wide protests rage – as it happened,https://www.theguardian.com/us-news/live/2020/may/31/george-floyd-protests-latest-news-riots-us-cities-donald-trump-police-brutality-live,News," class=""block-time published-time""> ime datetime=""2020-06-01T11:41:28.668Z"">12.41pm pan class=""timezone"">BSTpan>ime> "
us-police-officers-fired-rehired-why,article,us-news,2020-05-28,why the officers fired for the george floyd killing could ultimately get their jobs back,https://www.theguardian.com/us-news/2020/may/28/us-police-officers-fired-rehired-why,News,The four Minneapolis officers involved in  the killing of George Floyd were swiftly fired after  footage of his death went viral.
george-floyd-killing-protests-minneapolis-minnesota-us-twitter-donald-trump-latest-news-live,liveblog,us-news,2020-05-30,george floyd protests: man killed in detroit as demonstrations rage across us – as it happened,https://www.theguardian.com/us-news/live/2020/may/29/george-floyd-killing-protests-minneapolis-minnesota-us-twitter-donald-trump-latest-news-live,News," class=""block-time published-time""> ime datetime=""2020-05-30T12:20:53.055Z"">1.20pm pan class=""timezone"">BSTpan>ime> "
george-floyd-killing-protests-minneapolis,article,us-news,2020-05-29,a young girl who watched george floyd suffocate finds her place in the protest movement,https://www.theguardian.com/us-news/2020/may/29/george-floyd-killing-protests-minneapolis,News,Nine-year-old Judeah Reynolds watched George Floyd suffocate under a Minneapolis police officer’s knee.
george-floyd-minnesota-governor-national-guard-protests,article,us-news,2020-05-29,george floyd killing: fires erupt in minneapolis as us rocked by third night of protests,https://www.theguardian.com/us-news/2020/may/28/george-floyd-minnesota-governor-national-guard-protests,News,"Cities across the US were convulsed by protests on Thursday night over the police killing of George Floyd, a 46-year old black man, as demonstrators stormed the police headquarters of the officers involved in his death in Minneapolis and Donald Trump threatened to use violence to suppress the unrest."
kyle-rittenhouse-kenosha-murders-blm-protest-militia,article,us-news,2020-08-27,teen charged in killings of blm protesters considered himself a militia member,https://www.theguardian.com/us-news/2020/aug/26/kyle-rittenhouse-kenosha-murders-blm-protest-militia,News,"Kyle Rittenhouse, who is suspected of involvement in  fatally shooting two people and wounding another during the Kenosha, Wisconsin, protests on Tuesday night, appears to have long been interested in law enforcement – and considered himself a militia member working to protect property, social media posts and reports indicate."
new-york-police-car-times-square,article,us-news,2020-09-04,new york police hunt car that drove into blm protesters in times square,https://www.theguardian.com/us-news/2020/sep/04/new-york-police-car-times-square,News,The New York police department says it is trying to find a car that drove through a group of Black Lives Matter protesters blocking a street in Times Square on Thursday night.
george-floyd-protests-black-lives-matter-donald-trump-defund-police-latest-news-updates,liveblog,us-news,2020-06-09,george floyd memorials held in houston and los angeles as democrats unveil reforms – as it happened,https://www.theguardian.com/us-news/live/2020/jun/08/george-floyd-protests-black-lives-matter-donald-trump-defund-police-latest-news-updates,News," class=""block-time published-time""> ime datetime=""2020-06-09T04:53:45.842Z"">5.53am pan class=""timezone"">BSTpan>ime> "
coronavirus-us-live-trump-executive-order-twitter-death-toll-latest-updates,liveblog,us-news,2020-05-29,george floyd killing: journalist arrested while reporting on minneapolis protest; trump calls protesters 'thugs' - as it happened,https://www.theguardian.com/us-news/live/2020/may/28/coronavirus-us-live-trump-executive-order-twitter-death-toll-latest-updates,News," class=""block-time published-time""> ime datetime=""2020-05-29T11:49:40.833Z"">12.49pm pan class=""timezone"">BSTpan>ime> "
portland-protests-trump-blm-covid-19-economy,article,us-news,2020-07-29,"‘i want to stand up to trump’: portland protesters unleash fury over blm, covid-19 and economy",https://www.theguardian.com/us-news/2020/jul/29/portland-protests-trump-blm-covid-19-economy,News,Some come early and leave before the atmosphere turns and the trouble begins. Others sit out the peaceful demonstration and arrive in time for the nightly showdown to the beat of drummers rallying Portland’s ad hoc force of protesters against “Trump’s troops”.
national-law-enforcement-museum-police-brutality,article,us-news,2018-10-10,where does police brutality fit in america's first law enforcement museum?,https://www.theguardian.com/us-news/2018/oct/10/national-law-enforcement-museum-police-brutality,News,"In narrative terms, it is like threading a needle. America’s first museum dedicated to law enforcement cannot avoid the racially charged subject of Ferguson, Missouri, where a white police officer  killed an unarmed black teenager in 2014."
black-lives-matter-labor-unions-factory-workers-unite,article,us-news,2018-02-10,justice in the factory: how black lives matter breathed new life into unions,https://www.theguardian.com/us-news/2018/feb/10/black-lives-matter-labor-unions-factory-workers-unite,News,After decades of decline unions have found a new champion in efforts to organize workers: the Black Lives Matter movement.r/>
nypd-police-black-lives-matter-surveillance-undercover,article,us-news,2017-04-04,"nypd officers accessed black lives matter activists' texts, documents show",https://www.theguardian.com/us-news/2017/apr/04/nypd-police-black-lives-matter-surveillance-undercover,News,"Undercover officers in the New York police department infiltrated small groups of Black Lives Matter activists and gained access to their text messages, according to newly released NYPD documents obtained by the Guardian."
james-forman-jr-locking-up-our-own-black-on-black-crime,article,us-news,2017-04-29,'demolish that lie': james forman jr takes on black lives matter backlash,https://www.theguardian.com/us-news/2017/apr/29/james-forman-jr-locking-up-our-own-black-on-black-crime,News,"In the conservative backlash to the Black Lives Matter movement, deflection to “black on black” crime has become a meme. Why, op-eds and pundits sputter, does the black community get so riled about police violence and yet remain silent about the gun and drug crime that savages so many of its own?"
sheriff-david-clarke-trump-administration-dhs,article,us-news,2017-05-17,sheriff who likened black lives matter to kkk says he will join trump administration,https://www.theguardian.com/us-news/2017/may/17/sheriff-david-clarke-trump-administration-dhs,News,"The controversial Milwaukee County sheriff, David Clarke, who has compared Black Lives Matter to the Ku Klux Klan, has said he is joining the Trump administration as a point person between federal government and local and state law enforcement."
